cohort,month,active_customers,cohort_customers,month_index,retention
2010-12-01,2010-12-01,884,884,0,1
2010-12-01,2011-01-01,323,884,1,0.36538461538461536
2010-12-01,2011-02-01,286,884,2,0.3235294117647059
2010-12-01,2011-03-01,339,884,3,0.3834841628959276
2010-12-01,2011-04-01,320,884,4,0.36199095022624433
2010-12-01,2011-05-01,352,884,5,0.39819004524886875
2010-12-01,2011-06-01,320,884,6,0.36199095022624433
2010-12-01,2011-07-01,308,884,7,0.34841628959276016
2010-12-01,2011-08-01,312,884,8,0.35294117647058826
2010-12-01,2011-09-01,349,884,9,0.3947963800904977
2010-12-01,2011-10-01,330,884,10,0.3733031674208145
2010-12-01,2011-11-01,444,884,11,0.502262443438914
2011-01-01,2011-01-01,416,416,0,1
2011-01-01,2011-02-01,91,416,1,0.21875
2011-01-01,2011-03-01,111,416,2,0.2668269230769231
2011-01-01,2011-04-01,95,416,3,0.2283653846153846
2011-01-01,2011-05-01,132,416,4,0.3173076923076923
2011-01-01,2011-06-01,120,416,5,0.28846153846153844
2011-01-01,2011-07-01,103,416,6,0.24759615384615385
2011-01-01,2011-08-01,100,416,7,0.2403846153846154
2011-01-01,2011-09-01,123,416,8,0.2956730769230769
2011-01-01,2011-10-01,136,416,9,0.3269230769230769
2011-01-01,2011-11-01,152,416,10,0.36538461538461536
2011-02-01,2011-02-01,380,380,0,1
2011-02-01,2011-03-01,71,380,1,0.1868421052631579
2011-02-01,2011-04-01,71,380,2,0.1868421052631579
2011-02-01,2011-05-01,109,380,3,0.2868421052631579
2011-02-01,2011-06-01,103,380,4,0.2710526315789474
2011-02-01,2011-07-01,93,380,5,0.24473684210526317
2011-02-01,2011-08-01,97,380,6,0.25526315789473686
2011-02-01,2011-09-01,104,380,7,0.2736842105263158
2011-02-01,2011-10-01,94,380,8,0.24736842105263157
2011-02-01,2011-11-01,116,380,9,0.30526315789473685
2011-03-01,2011-03-01,452,452,0,1
2011-03-01,2011-04-01,67,452,1,0.14823008849557523
2011-03-01,2011-05-01,114,452,2,0.252212389380531
2011-03-01,2011-06-01,90,452,3,0.19911504424778761
2011-03-01,2011-07-01,101,452,4,0.2234513274336283
2011-03-01,2011-08-01,76,452,5,0.168141592920354
2011-03-01,2011-09-01,121,452,6,0.2676991150442478
2011-03-01,2011-10-01,104,452,7,0.23008849557522124
2011-03-01,2011-11-01,126,452,8,0.27876106194690264
2011-04-01,2011-04-01,300,300,0,1
2011-04-01,2011-05-01,63,300,1,0.21
2011-04-01,2011-06-01,61,300,2,0.20333333333333334
2011-04-01,2011-07-01,63,300,3,0.21
2011-04-01,2011-08-01,59,300,4,0.19666666666666666
2011-04-01,2011-09-01,68,300,5,0.22666666666666666
2011-04-01,2011-10-01,65,300,6,0.21666666666666667
2011-04-01,2011-11-01,78,300,7,0.26
2011-05-01,2011-05-01,284,284,0,1
2011-05-01,2011-06-01,54,284,1,0.19014084507042253
2011-05-01,2011-07-01,49,284,2,0.17253521126760563
2011-05-01,2011-08-01,49,284,3,0.17253521126760563
2011-05-01,2011-09-01,59,284,4,0.20774647887323944
2011-05-01,2011-10-01,66,284,5,0.2323943661971831
2011-05-01,2011-11-01,75,284,6,0.2640845070422535
2011-06-01,2011-06-01,242,242,0,1
2011-06-01,2011-07-01,42,242,1,0.17355371900826447
2011-06-01,2011-08-01,38,242,2,0.15702479338842976
2011-06-01,2011-09-01,64,242,3,0.2644628099173554
2011-06-01,2011-10-01,56,242,4,0.23140495867768596
2011-06-01,2011-11-01,80,242,5,0.3305785123966942
2011-07-01,2011-07-01,187,187,0,1
2011-07-01,2011-08-01,33,187,1,0.17647058823529413
2011-07-01,2011-09-01,38,187,2,0.20320855614973263
2011-07-01,2011-10-01,42,187,3,0.22459893048128343
2011-07-01,2011-11-01,51,187,4,0.2727272727272727
2011-08-01,2011-08-01,169,169,0,1
2011-08-01,2011-09-01,34,169,1,0.20118343195266272
2011-08-01,2011-10-01,41,169,2,0.24260355029585798
2011-08-01,2011-11-01,41,169,3,0.24260355029585798
2011-09-01,2011-09-01,299,299,0,1
2011-09-01,2011-10-01,70,299,1,0.23411371237458195
2011-09-01,2011-11-01,90,299,2,0.3010033444816054
2011-10-01,2011-10-01,357,357,0,1
2011-10-01,2011-11-01,84,357,1,0.23529411764705882
2011-11-01,2011-11-01,323,323,0,1
