country,purchase_sales_gbp,orders,identified_customers,sales_share
United Kingdom,8747163.21,17901,3916,0.8516340896645075
Netherlands,283889.34,93,9,0.027639799765020946
EIRE,271164.3,282,3,0.02640087491633912
Germany,205569.89,443,94,0.020014526073143083
France,184582.74,382,87,0.017971192485349823
Australia,138171.31,56,9,0.013452521118512712
Spain,55725.11,88,30,0.0054254621969383075
Switzerland,53087.9,50,21,0.005168700332127495
Japan,37416.37,19,8,0.003642901754373506
Belgium,36927.34,98,25,0.003595289218872566
Sweden,36839.33,34,8,0.0035867204618444956
Norway,32454.64,32,10,0.0031598218906206173
Portugal,27015.16,50,19,0.0026302277254228817
Channel Islands,20007.44,25,9,0.0019479478708523208
Finland,18344.88,40,12,0.0017860790754360041
Denmark,18211.34,18,9,0.0017730774641017393
Italy,15820.24,35,14,0.001540277158115817
Cyprus,13254.69,14,8,0.0012904921951187934
Hong Kong,9952.99,7,0,9.690348030090026e-4
Singapore,9120.39,4,1,8.879718885495994e-4
Austria,8742.68,17,11,8.511975990703043e-4
Israel,8135.26,8,3,7.9205847403916e-4
Poland,6974.65,19,6,6.790601205071782e-4
Unspecified,4749.79,13,4,4.6244513628408457e-4
Greece,4425.52,5,4,4.308738280066997e-4
Iceland,4310,7,1,4.196266650492768e-4
USA,3580.39,5,4,3.4859097802222275e-4
Canada,3115.44,5,4,3.0332289961974916e-4
Malta,2070.59,5,2,2.0159507572723484e-4
United Arab Emirates,1864.78,2,2,1.8155717226231796e-4
Lebanon,1693.88,1,1,1.6491814742312507e-4
Lithuania,1661.06,4,1,1.6172275365353869e-4
European Community,1159.25,3,1,1.128659423337295e-4
Brazil,1143.6,1,1,1.1134223994207724e-4
RSA,1002.3100000000001,1,1,9.758607950012545e-5
Czech Republic,786.74,2,1,7.659793096539861e-5
Bahrain,754.14,3,2,7.342395665435304e-5
Saudi Arabia,145.92,1,1,1.4206942683060433e-5
