source_row,invoice_no,stock_code,Description,invoice_day,Quantity,UnitPrice,line_value,candidate_credit_lines
540423,581483,23843,"PAPER CRAFT , LITTLE BIRDIE",2011-12-09,80995,2.08,168469.6,1
61621,541431,23166,MEDIUM CERAMIC TOP STORAGE JAR,2011-01-18,74215,1.04,77183.6,1
222682,556444,22502,PICNIC BASKET WICKER 60 PIECES,2011-06-10,60,649.5,38970,0
348327,567423,23243,SET OF TEA COFFEE SUGAR TINS PANTRY,2011-09-20,1412,5.06,7144.719999999999,0
52713,540815,21108,FAIRY CAKE FLANNEL ASSORTED COLOUR,2011-01-11,3114,2.1,6539.4000000000005,0
160548,550461,21108,FAIRY CAKE FLANNEL ASSORTED COLOUR,2011-04-18,3114,2.1,6539.4000000000005,1
421603,573003,23084,RABBIT NIGHT LIGHT,2011-10-27,2400,2.08,4992,0
52711,540815,85123A,WHITE HANGING HEART T-LIGHT HOLDER,2011-01-11,1930,2.55,4921.5,0
467806,576365,22086,PAPER CHAIN KIT 50'S CHRISTMAS,2011-11-14,688,6.95,4781.6,0
160544,550461,85123A,WHITE HANGING HEART T-LIGHT HOLDER,2011-04-18,1930,2.4,4632,0
52774,540818,48185,DOORMAT FAIRY CAKE,2011-01-11,670,6.75,4522.5,0
244421,558526,23173,REGENCY TEAPOT ROSES,2011-06-30,540,8.15,4401,0
160546,550461,48185,DOORMAT FAIRY CAKE,2011-04-18,670,6.35,4254.5,0
291251,562439,84879,ASSORTED COLOUR BIRD ORNAMENT,2011-08-04,2880,1.45,4176,0
52136,540689,22470,HEART OF WICKER LARGE,2011-01-11,1284,3.21,4121.64,0
533814,581115,22413,METAL SIGN TAKE IT OR LEAVE IT,2011-12-07,1404,2.75,3861,0
16440,537659,21623,VINTAGE UNION JACK MEMOBOARD,2010-12-07,600,6.38,3828,0
348321,567423,23113,PANTRY CHOPPING BOARD,2011-09-20,756,5.06,3825.3599999999997,0
19873,537899,22328,ROUND SNACK BOXES SET OF 4 FRUITS,2010-12-09,1488,2.55,3794.3999999999996,0
52712,540815,21175,GIN + TONIC DIET METAL SIGN,2011-01-11,2000,1.85,3700,0
