country,month,purchase_sales_gbp,credit_value_gbp,identified_purchase_sales_gbp,purchase_invoices
Australia,2010-12-01,1032.85,27.75,1032.85,3
Australia,2011-01-01,9017.710000000001,-0,9017.710000000001,9
Australia,2011-02-01,14695.42,67.95,14695.42,5
Australia,2011-03-01,17223.99,168.7,17223.99,3
Australia,2011-04-01,421.6,438.2,421.6,1
Australia,2011-05-01,13638.41,9.899999999999999,13638.41,4
Australia,2011-06-01,25187.77,23,25187.77,4
Australia,2011-07-01,4964.38,196.81,4964.38,7
Australia,2011-08-01,22489.2,-0,22489.2,2
Australia,2011-09-01,5106.7300000000005,75,5106.7300000000005,8
Australia,2011-10-01,17150.53,-0,17150.53,4
Australia,2011-11-01,7242.72,174,7242.72,6
Austria,2010-12-01,157.20000000000002,20.16,157.20000000000002,1
Austria,2011-02-01,438.36,-0,438.36,2
Austria,2011-03-01,1308.1200000000001,-0,1308.1200000000001,2
Austria,2011-04-01,584.78,-0,584.78,2
Austria,2011-05-01,1049.43,-0,1049.43,2
Austria,2011-06-01,0,24.2,0,0
Austria,2011-07-01,1111.95,-0,1111.95,2
Austria,2011-08-01,1436.08,-0,1436.08,2
Austria,2011-10-01,923.78,-0,923.78,1
Austria,2011-11-01,1209.78,-0,1209.78,2
Austria,2011-12-01,523.2,-0,523.2,1
Bahrain,2010-12-01,205.74,-0,0,1
Bahrain,2011-01-01,0,205.74,0,0
Bahrain,2011-05-01,548.4,-0,548.4,2
Belgium,2010-12-01,1599.91,-0,1599.91,5
Belgium,2011-01-01,1080.2,46.15,1080.2,3
Belgium,2011-02-01,1926.07,19.75,1926.07,8
Belgium,2011-03-01,2994.98,18.4,2994.98,9
Belgium,2011-04-01,1788.48,29.330000000000002,1788.48,6
Belgium,2011-05-01,2486.4,5.4,2486.4,9
Belgium,2011-06-01,3848.82,1.65,3848.82,11
Belgium,2011-07-01,2205.57,1.95,2205.57,5
Belgium,2011-08-01,3140.02,17.9,3140.02,9
Belgium,2011-09-01,3779.02,10.2,3779.02,7
Belgium,2011-10-01,5169.38,34,5169.38,11
Belgium,2011-11-01,5619.76,71.35,5619.76,11
Belgium,2011-12-01,1288.73,8.3,1288.73,4
Brazil,2011-04-01,1143.6,-0,1143.6,1
Canada,2011-03-01,140.54,-0,140.54,1
Canada,2011-05-01,534.24,-0,534.24,1
Canada,2011-06-01,1171.46,-0,1171.46,1
Canada,2011-07-01,1217.6399999999999,-0,1217.6399999999999,1
Canada,2011-08-01,51.56,-0,51.56,1
Channel Islands,2010-12-01,313.53,-0,313.53,1
Channel Islands,2011-01-01,675.58,30.5,675.58,1
Channel Islands,2011-02-01,1784.71,-0,1784.71,1
Channel Islands,2011-03-01,3509.33,-0,3509.33,3
Channel Islands,2011-04-01,243,-0,243,1
Channel Islands,2011-05-01,914.24,10.45,914.24,1
Channel Islands,2011-06-01,2060.0299999999997,-0,2060.0299999999997,1
Channel Islands,2011-08-01,4896.78,4.25,4896.78,5
Channel Islands,2011-09-01,1323.75,2.1,1323.75,2
Channel Islands,2011-10-01,2623.32,-0,2623.32,5
Channel Islands,2011-11-01,1464.77,19.599999999999998,1464.77,3
Channel Islands,2011-12-01,198.4,4.25,198.4,1
Cyprus,2010-12-01,1590.82,-0,1590.82,1
Cyprus,2011-01-01,547.5,-0,547.5,1
Cyprus,2011-02-01,3998.55,-0,3998.55,4
Cyprus,2011-03-01,938.39,-0,938.39,1
Cyprus,2011-04-01,0,35.8,0,0
Cyprus,2011-06-01,1109.32,-0,1109.32,1
Cyprus,2011-09-01,196.35,-0,196.35,1
Cyprus,2011-10-01,4412.87,196.35,4412.87,4
Cyprus,2011-11-01,460.89,-0,460.89,1
Cyprus,2011-12-01,0,91.25,0,0
Czech Republic,2011-02-01,549.26,-0,549.26,1
Czech Republic,2011-04-01,0,57.51,0,0
Czech Republic,2011-10-01,237.48,-0,237.48,1
Czech Republic,2011-11-01,0,57.51,0,0
Denmark,2010-12-01,1137.5,-0,1137.5,1
Denmark,2011-02-01,363.22,-0,363.22,1
Denmark,2011-03-01,3978.9900000000002,-0,3978.9900000000002,1
Denmark,2011-05-01,479.7,-0,479.7,1
Denmark,2011-06-01,3063.15,-0,3063.15,3
Denmark,2011-07-01,358.24,-0,358.24,1
Denmark,2011-08-01,195.15,134.54999999999998,195.15,1
Denmark,2011-09-01,4510.16,-0,4510.16,3
Denmark,2011-10-01,1274.76,34.65,1274.76,3
Denmark,2011-11-01,2699.57,-0,2699.57,2
Denmark,2011-12-01,150.9,-0,150.9,1
EIRE,2010-12-01,9683.26,1003.3100000000001,8513.880000000001,17
EIRE,2011-01-01,21704.19,197.67,21704.19,7
EIRE,2011-02-01,12083.74,2574.6,9976.52,13
EIRE,2011-03-01,18323.17,39.94,17850.02,21
EIRE,2011-04-01,7270.5,-0,7270.5,11
EIRE,2011-05-01,17758.760000000002,87.41,15732.19,22
EIRE,2011-06-01,20713.29,1113.04,19410.99,26
EIRE,2011-07-01,42289.85,49.2,40455.15,27
EIRE,2011-08-01,18053.75,4640.59,16717.38,18
EIRE,2011-09-01,42486.55,441.55,40395.49,37
EIRE,2011-10-01,23817.920000000002,1010.3000000000001,23817.920000000002,31
EIRE,2011-11-01,29838.43,325.38,28623.41,42
EIRE,2011-12-01,7140.89,17.85,6828.92,10
European Community,2011-04-01,155.4,-0,155.4,1
European Community,2011-06-01,387.05,8.5,387.05,1
European Community,2011-07-01,616.8000000000001,-0,616.8000000000001,1
Finland,2010-12-01,652.8,-0,652.8,1
Finland,2011-01-01,769.02,-0,769.02,2
Finland,2011-02-01,165.16,-0,165.16,1
Finland,2011-03-01,4865.62,12.2,4865.62,4
Finland,2011-04-01,1368.92,22.110000000000003,1368.92,4
Finland,2011-06-01,289.56,-0,289.56,1
Finland,2011-07-01,2436.73,-0,2436.73,3
Finland,2011-08-01,1096.5,4.95,1096.5,3
Finland,2011-09-01,905.45,-0,905.45,4
Finland,2011-10-01,2266.12,-0,2266.12,6
Finland,2011-11-01,2456.2400000000002,-0,2456.2400000000002,8
Finland,2011-12-01,1072.76,2.08,1072.76,3
France,2010-12-01,8530.31,40.95,8530.31,20
France,2011-01-01,16174.12,183.04999999999998,16174.12,28
France,2011-02-01,7687.96,41.050000000000004,7687.96,21
France,2011-03-01,13689.55,72.64999999999999,13689.55,25
France,2011-04-01,3899.31,133.1,3899.31,12
France,2011-05-01,16174.88,51.8,16174.88,37
France,2011-06-01,14962.41,356.54,14692.97,31
France,2011-07-01,9171.19,111.19999999999999,9171.19,22
France,2011-08-01,12630.96,21.7,12630.96,27
France,2011-09-01,21898.04,211.17,21898.04,45
France,2011-10-01,24008.329999999998,131.29,24008.329999999998,33
France,2011-11-01,29216.76,917.1999999999999,28795.14,64
France,2011-12-01,6538.92,147.65,6538.92,17
Germany,2010-12-01,13279.14,660.3,13279.14,29
Germany,2011-01-01,15326.84,459.40999999999997,15326.84,31
Germany,2011-02-01,8825.05,575.81,8825.05,19
Germany,2011-03-01,12862.69,222.67,12862.69,31
Germany,2011-04-01,10994.79,129.42000000000002,10994.79,22
Germany,2011-05-01,23518.2,161.85,23518.2,41
Germany,2011-06-01,12122.1,157.08,12122.1,24
Germany,2011-07-01,14743.3,327.99,14743.3,31
Germany,2011-08-01,17636.77,179.12,17636.77,37
Germany,2011-09-01,16561.22,352.90999999999997,16561.22,41
Germany,2011-10-01,28422.92,406.65,28422.92,56
Germany,2011-11-01,24252.7,948.81,24252.7,64
Germany,2011-12-01,7024.17,179.47,7024.17,17
Greece,2011-01-01,2661.24,-0,2661.24,1
Greece,2011-03-01,387.31,-0,387.31,1
Greece,2011-04-01,509.74,-0,509.74,1
Greece,2011-07-01,321.24,-0,321.24,1
Greece,2011-12-01,545.99,-0,545.99,1
Hong Kong,2011-01-01,2439.76,-0,0,1
Hong Kong,2011-04-01,1539.64,-0,0,1
Hong Kong,2011-05-01,1966.16,-0,0,1
Hong Kong,2011-06-01,618.96,-0,0,1
Hong Kong,2011-08-01,2653.9500000000003,-0,0,1
Hong Kong,2011-10-01,734.52,10.95,0,2
Iceland,2010-12-01,711.79,-0,711.79,1
Iceland,2011-01-01,475.39,-0,475.39,1
Iceland,2011-04-01,636.25,-0,636.25,1
Iceland,2011-06-01,382.52,-0,382.52,1
Iceland,2011-08-01,584.91,-0,584.91,1
Iceland,2011-10-01,1294.32,-0,1294.32,1
Iceland,2011-12-01,224.82,-0,224.82,1
Israel,2010-12-01,0,227.44,0,0
Israel,2011-01-01,379.84000000000003,-0,0,1
Israel,2011-02-01,779.1,-0,779.1,1
Israel,2011-04-01,110,-0,0,1
Israel,2011-07-01,1430.75,-0,1430.75,1
Israel,2011-08-01,4873.81,-0,4873.81,1
Israel,2011-09-01,423.73,-0,0,1
Israel,2011-10-01,138.03,-0,138.03,2
Italy,2010-12-01,650.5,17,650.5,2
Italy,2011-01-01,2066.51,41.15,2066.51,3
Italy,2011-02-01,228,-0,228,1
Italy,2011-03-01,1676.81,9.9,1676.81,3
Italy,2011-04-01,737.83,-0,737.83,2
Italy,2011-05-01,587.45,-0,587.45,1
Italy,2011-06-01,202.07,39.8,202.07,2
Italy,2011-07-01,147.1,-0,147.1,1
Italy,2011-08-01,1838.95,56.15,1838.95,4
Italy,2011-09-01,279.8,-0,279.8,1
Italy,2011-10-01,3329.69,78.9,3329.69,6
Italy,2011-11-01,3875.08,301,3875.08,8
Italy,2011-12-01,200.45000000000002,-0,200.45000000000002,1
Japan,2010-12-01,7705.07,-0,7705.07,3
Japan,2011-01-01,0,109.8,0,0
Japan,2011-02-01,5780.8099999999995,-0,5780.8099999999995,2
Japan,2011-03-01,48.9,43.39,48.9,3
Japan,2011-04-01,6548.5,1676.6699999999998,6548.5,2
Japan,2011-05-01,1351.45,-0,1351.45,1
Japan,2011-06-01,1607.04,-0,1607.04,1
Japan,2011-07-01,3854.4,-0,3854.4,2
Japan,2011-08-01,0,49.79,0,0
Japan,2011-09-01,112.08,-0,112.08,1
Japan,2011-10-01,1948.0400000000002,-0,1948.0400000000002,2
Japan,2011-11-01,8460.08,-0,8460.08,2
Japan,2011-12-01,0,116.92999999999999,0,0
Lebanon,2011-01-01,1693.88,-0,1693.88,1
Lithuania,2010-12-01,1661.06,-0,1661.06,4
Malta,2011-06-01,703.16,12.75,703.16,2
Malta,2011-08-01,1079,15.75,1079,2
Malta,2011-11-01,288.43,30.81,288.43,1
Malta,2011-12-01,0,30.81,0,0
Netherlands,2010-12-01,8754.48,-0,8754.48,3
Netherlands,2011-01-01,26596.16,-0,26596.16,5
Netherlands,2011-02-01,22831.91,34.8,22831.91,5
Netherlands,2011-03-01,22206.489999999998,-0,22206.489999999998,8
Netherlands,2011-04-01,2886.56,-0,2886.56,3
Netherlands,2011-05-01,28942.88,-0,28942.88,11
Netherlands,2011-06-01,26753.09,15,26753.09,11
Netherlands,2011-07-01,11.02,-0,11.02,1
Netherlands,2011-08-01,40327.81,360.00000000000006,40327.81,7
Netherlands,2011-09-01,26832.26,-0,26832.26,7
Netherlands,2011-10-01,40378.65,-0,40378.65,14
Netherlands,2011-11-01,25640.01,-0,25640.01,15
Netherlands,2011-12-01,11728.02,-0,11728.02,3
Norway,2010-12-01,3787.12,-0,3787.12,2
Norway,2011-02-01,590.9,-0,590.9,2
Norway,2011-03-01,345.01,120.33,345.01,3
Norway,2011-06-01,5186.86,-0,5186.86,3
Norway,2011-07-01,770.0699999999999,-0,770.0699999999999,1
Norway,2011-08-01,1505.81,41.35,1505.81,2
Norway,2011-09-01,8398.94,-0,8398.94,6
Norway,2011-10-01,3316.73,-0,3316.73,5
Norway,2011-11-01,5807.5,-0,5807.5,5
Norway,2011-12-01,2745.7,-0,2745.7,3
Poland,2010-12-01,248.16,-0,248.16,1
Poland,2011-01-01,613.22,-0,613.22,1
Poland,2011-02-01,604.0500000000001,-0,604.0500000000001,2
Poland,2011-03-01,317.78,14.39,317.78,1
Poland,2011-04-01,705.84,-0,705.84,1
Poland,2011-05-01,1402.37,-0,1402.37,3
Poland,2011-06-01,263.65000000000003,78.91,263.65000000000003,2
Poland,2011-07-01,607.3,8.850000000000001,607.3,2
Poland,2011-08-01,361.8,-0,361.8,2
Poland,2011-09-01,489.25,-0,489.25,2
Poland,2011-11-01,1361.23,19.36,1361.23,2
Portugal,2010-12-01,2047.97,59.85,2047.97,6
Portugal,2011-01-01,3479.71,57.6,3479.71,4
Portugal,2011-02-01,1017.9,-0,1017.9,2
Portugal,2011-03-01,2520.85,-0,2520.85,4
Portugal,2011-04-01,1687.75,-0,1687.75,2
Portugal,2011-05-01,602.83,-0,602.83,1
Portugal,2011-06-01,800.46,4.95,800.46,3
Portugal,2011-07-01,2175.85,-0,2175.85,3
Portugal,2011-08-01,1221.4,15,1221.4,1
Portugal,2011-09-01,1377.22,-0,1377.22,3
Portugal,2011-10-01,5330.13,-0,5022.92,8
Portugal,2011-11-01,2336.9,-0,2336.9,9
Portugal,2011-12-01,2416.19,6.24,2416.19,4
RSA,2011-10-01,1002.3100000000001,-0,1002.3100000000001,1
Saudi Arabia,2011-02-01,145.92,-0,145.92,1
Saudi Arabia,2011-03-01,0,14.75,0,0
Singapore,2011-01-01,2053.07,-0,2053.07,1
Singapore,2011-04-01,2118.74,-0,2118.74,1
Singapore,2011-07-01,3949.32,-0,3949.32,1
Singapore,2011-10-01,999.26,-0,999.26,1
Spain,2010-12-01,1703.73,-0,1703.73,4
Spain,2011-01-01,9694.09,65.69999999999999,9694.09,8
Spain,2011-02-01,1722.5,20.8,1722.5,4
Spain,2011-03-01,4775.15,36.5,4775.15,8
Spain,2011-04-01,1645.65,-0,1645.65,3
Spain,2011-05-01,2697.6,-0,2697.6,4
Spain,2011-06-01,2717.21,-0,2717.21,8
Spain,2011-07-01,7120.92,46.75,7120.92,9
Spain,2011-08-01,2898.91,16.5,2898.91,9
Spain,2011-09-01,4461.24,25.5,4461.24,8
Spain,2011-10-01,7964.94,3558.29,7964.94,8
Spain,2011-11-01,8034.96,145.09,8034.96,13
Spain,2011-12-01,288.21,44.78,288.21,2
Sweden,2010-12-01,3834.2999999999997,1188,3834.2999999999997,2
Sweden,2011-01-01,3286.32,-0,3286.32,2
Sweden,2011-02-01,469.5,-0,469.5,1
Sweden,2011-03-01,4680.58,180,4680.58,3
Sweden,2011-04-01,649.1,-0,649.1,2
Sweden,2011-05-01,2641.98,17,2641.98,3
Sweden,2011-06-01,676,-0,676,3
Sweden,2011-07-01,6692.09,-0,6692.09,3
Sweden,2011-08-01,1160.86,9.899999999999999,1160.86,4
Sweden,2011-09-01,4517.21,-0,4517.21,3
Sweden,2011-10-01,5671.16,-0,5671.16,2
Sweden,2011-11-01,2322.23,29.52,2322.23,5
Sweden,2011-12-01,238,238,238,1
Switzerland,2010-12-01,1224.92,-0,1224.92,2
Switzerland,2011-01-01,4031.23,-0,4031.23,3
Switzerland,2011-02-01,2374.92,12.25,2374.92,5
Switzerland,2011-03-01,1590.23,-0,1590.23,3
Switzerland,2011-04-01,1756.94,254.75,1756.94,4
Switzerland,2011-05-01,3450.0099999999998,42.8,3450.0099999999998,3
Switzerland,2011-06-01,7544.15,21.95,7544.15,4
Switzerland,2011-07-01,3518.61,102,3282.65,6
Switzerland,2011-08-01,4889.89,87.7,4889.89,3
Switzerland,2011-09-01,7524.86,29.9,7524.86,5
Switzerland,2011-10-01,7265.18,31.200000000000003,6855.19,7
Switzerland,2011-11-01,7916.96,-0,7916.96,5
USA,2011-04-01,383.95,-0,383.95,1
USA,2011-10-01,2311.2,1579.51,2311.2,2
USA,2011-12-01,885.24,269.96,885.24,2
United Arab Emirates,2011-02-01,889.24,-0,889.24,1
United Arab Emirates,2011-09-01,975.54,-0,975.54,1
United Kingdom,2010-12-01,707353.48,14363.1,498353.68,1440
United Kingdom,2011-01-01,547149.36,90129.53,442080.66000000003,967
United Kingdom,2011-02-01,418917.5,5028.86,355500.99,990
United Kingdom,2011-03-01,572748.11,9721.48,466651.52,1302
United Kingdom,2011-04-01,466108.94,30540.02,406830.58,1148
United Kingdom,2011-05-01,619352.5,8561.62,542876.56,1518
United Kingdom,2011-06-01,606195.96,11903.47,524067.35000000003,1379
United Kingdom,2011-07-01,578150.13,10564.460000000001,484289.76,1317
United Kingdom,2011-08-01,579938.86,17274.32,495242.66000000003,1195
United Kingdom,2011-09-01,878022.53,15896.35,791256.2,1631
United Kingdom,2011-10-01,914674.96,36920.07,815103.0499999999,1789
United Kingdom,2011-11-01,1286271.49,21970.91,973277.4099999999,2481
United Kingdom,2011-12-01,572279.39,172969.19,470331.81,744
Unspecified,2011-04-01,299.1,-0,299.1,1
Unspecified,2011-05-01,1055.8700000000001,-0,852.68,2
Unspecified,2011-06-01,185.78,-0,185.78,1
Unspecified,2011-07-01,1425.41,-0,798.48,4
Unspecified,2011-08-01,531.03,-0,531.03,2
Unspecified,2011-09-01,286.85,-0,0,1
Unspecified,2011-11-01,965.75,-0,0,2
