month,purchase_sales_gbp,orders,units,credit_value_gbp,sales_less_recorded_credits_gbp,first_observed_day,last_observed_day,complete_month
2010-12-01,777865.64,1550,358743,17607.86,760257.78,2010-12-01,2010-12-31,TRUE
2011-01-01,671914.94,1081,387422,91526.3,580388.6399999999,2011-01-01,2011-01-31,TRUE
2011-02-01,508869.75,1093,283243,8375.87,500493.88,2011-02-01,2011-02-28,TRUE
2011-03-01,691132.59,1440,377071,10675.3,680457.2899999999,2011-03-01,2011-03-31,TRUE
2011-04-01,516194.91,1235,308509,33316.91,482878,2011-04-01,2011-04-30,TRUE
2011-05-01,741153.76,1668,395378,8948.23,732205.53,2011-05-01,2011-05-31,TRUE
2011-06-01,738751.87,1525,388826,13760.84,724991.03,2011-06-01,2011-06-30,TRUE
2011-07-01,689289.86,1452,401329,11409.210000000001,677880.65,2011-07-01,2011-07-31,TRUE
2011-08-01,725493.76,1339,421439,22929.52,702564.24,2011-08-01,2011-08-31,TRUE
2011-09-01,1030468.78,1818,569945,17044.68,1013424.1,2011-09-01,2011-09-30,TRUE
2011-10-01,1106666.53,2005,621728,43992.159999999996,1062674.37,2011-10-01,2011-10-31,TRUE
2011-11-01,1457742.24,2751,750081,25010.54,1432731.7,2011-11-01,2011-11-30,TRUE
2011-12-01,615489.98,816,313282,174126.76,441363.22,2011-12-01,2011-12-09,FALSE
