weekday,hour,purchase_sales_gbp,lines
Mon,7,1444.58,60
Mon,8,44340.73,1622
Mon,9,151007.81,7406
Mon,10,213214.58,8638
Mon,11,173792.84,8684
Mon,12,192021.88,11447
Mon,13,229597.14,12414
Mon,14,206934.82,11161
Mon,15,182151.53,13667
Mon,16,112260.87,9246
Mon,17,177215.72,7969
Mon,18,2214.88,371
Tue,7,1962.58,64
Tue,8,71879.11,1711
Tue,9,184876.24,6254
Tue,10,333018.29,8833
Tue,11,278492.95,9550
Tue,12,260858.33,13970
Tue,13,231756.78,12401
Tue,14,192568.4,11275
Tue,15,290779.86,15652
Tue,16,173647.83,11701
Tue,17,52430.57,5495
Tue,18,15578.22,2067
Wed,7,3343.46,59
Wed,8,44656.27,1800
Wed,9,135530.25,5013
Wed,10,258730.57,7709
Wed,11,217778.89,9722
Wed,12,289307.73,14175
Wed,13,230849.82,11582
Wed,14,195245.1,10644
Wed,15,230890.76,16190
Wed,16,122626.8,10350
Wed,17,41265.18,4632
Wed,19,3053.4,15
Wed,20,13031.5,18
Thu,6,4.25,1
Thu,7,6883.71,64
Thu,8,66735.7,1781
Thu,9,158866.44,7891
Thu,10,296594.89,8912
Thu,11,181595.3,7970
Thu,12,284603.6,13170
Thu,13,198928.38,12157
Thu,14,209004.53,11148
Thu,15,256085.85,11552
Thu,16,184726.49,11526
Thu,17,117971.38,4954
Thu,18,121416.67,5239
Thu,19,46131.86,3406
Thu,20,5877.67,775
Fri,7,16834.88,128
Fri,8,51803.71,1823
Fri,9,324778.74,6904
Fri,10,220591.24,9894
Fri,11,201458.67,9320
Fri,12,237167.18,10614
Fri,13,188955.51,10188
Fri,14,210697.69,11481
Fri,15,187384.63999999998,8727
Fri,16,77112.86,6252
Fri,17,52647.07,4408
Fri,18,75.5,2
Fri,19,373.46,89
Fri,20,22.14,8
Sun,9,778.8000000000001,25
Sun,10,81142.39,3531
Sun,11,147050.05,10677
Sun,12,153880.53,13484
Sun,13,144787.64,11981
Sun,14,109064.84,9953
Sun,15,129030,10074
Sun,16,39614.08,4049
